{"cameraMode":{"drawMode":0,"name":"Shaded","section":"Shading Mode"},"sceneLighting":true,"audioPlay":false,"sceneViewState":{"showFog":true,"showMaterialUpdate":true,"showSkybox":true,"showFlares":true,"showImageEffects":true,"showParticleSystems":true},"in2DMode":false,"pivot":{"x":2.3423726558685304,"y":3.5035793781280519,"z":-3.3213448524475099},"rotation":{"x":0.3015635311603546,"y":0.3767806887626648,"z":-0.13121069967746736,"w":0.8659558892250061},"size":11.08015251159668,"orthographic":false}