{"cameraMode":{"drawMode":0,"name":"Shaded","section":"Shading Mode"},"sceneLighting":true,"audioPlay":false,"sceneViewState":{"showFog":true,"showMaterialUpdate":true,"showSkybox":true,"showFlares":true,"showImageEffects":true,"showParticleSystems":true},"in2DMode":false,"pivot":{"x":-5.387461185455322,"y":6.64577054977417,"z":-1.6950445175170899},"rotation":{"x":0.10987517237663269,"y":0.014309643767774105,"z":-0.0015813003992661834,"w":0.9938411712646484},"size":26.18724822998047,"orthographic":false}