{"cameraMode":{"drawMode":0,"name":"Shaded","section":"Shading Mode"},"sceneLighting":true,"audioPlay":false,"sceneViewState":{"showFog":true,"showMaterialUpdate":true,"showSkybox":true,"showFlares":true,"showImageEffects":true,"showParticleSystems":true},"in2DMode":false,"pivot":{"x":-42.10672378540039,"y":-3.1192424297332765,"z":-1.4744077920913697},"rotation":{"x":0.10942956805229187,"y":0.0536465123295784,"z":-0.005913953762501478,"w":0.9925282597541809},"size":27.298280715942384,"orthographic":false}